congress,chamber,icpsr,state_icpsr,district_code,state_abbrev,party_code,occupancy,last_means,bioname,bioguide_id,born,died,nominate_dim1,nominate_dim2,nominate_log_likelihood,nominate_geo_mean_probability,nominate_number_of_votes,nominate_number_of_errors,conditional,nokken_poole_dim1,nokken_poole_dim2
119,President,99912,99,0,USA,200,0,0,"TRUMP, Donald John",,1946.0,,0.403,0.162,,,,,,,
119,House,20301,41,3,AL,200,,,"ROGERS, Mike Dennis",R000575,1958.0,,0.379,0.378,-10.70166,0.97853,493,4,,0.376,0.409
119,House,21102,41,7,AL,100,,,"SEWELL, Terri",S001185,1965.0,,-0.402,0.394,-32.84639,0.9358,495,16,,-0.389,0.353
119,House,21500,41,6,AL,200,,,"PALMER, Gary James",P000609,1954.0,,0.672,0.109,-32.7387,0.9365,499,17,,0.552,-0.024
119,House,22140,41,1,AL,200,,,"MOORE, Barry",M001212,1966.0,,0.646,-0.239,-47.04209,0.90917,494,19,,0.693,-0.188
119,House,22366,41,5,AL,200,,,"STRONG, Dale",S001220,1970.0,,0.602,0.375,-16.82627,0.96638,492,10,,0.453,0.758
119,House,22515,41,2,AL,100,,,"FIGURES, Shomari",F000481,1985.0,,-0.393,0.416,-30.85191,0.93958,495,13,,-0.394,0.423
119,House,29701,41,4,AL,200,,,"ADERHOLT, Robert",A000055,1965.0,,0.405,0.467,-11.29449,0.97735,493,5,,0.398,0.421
119,House,22503,81,1,AK,200,,,"BEGICH, Nicholas J., III",B001323,1977.0,,0.606,-0.102,-38.72453,0.92562,501,17,,0.605,-0.104
119,House,21995,93,0,AS,200,,,"RADEWAGEN, Aumua Amata Coleman",R000600,1947.0,,0.327,0.195,-0.65905,0.95057,13,0,,0.575,0.765
119,House,20305,61,7,AZ,100,,,"GRIJALVA, Raúl M.",G000551,1948.0,2025.0,-0.598,-0.264,-0.0,1.0,1,0,,-0.895,0.129
119,House,21103,61,9,AZ,200,,,"GOSAR, Paul",G000565,1958.0,,0.703,-0.518,-37.8093,0.9253,487,16,,0.701,-0.554
119,House,21105,61,1,AZ,200,,,"SCHWEIKERT, David",S001183,1962.0,,0.553,-0.22,-49.33989,0.90567,498,22,,0.516,-0.19
119,House,21705,61,5,AZ,200,,,"BIGGS, Andrew S.",B001302,1958.0,,0.818,-0.575,-36.23871,0.92829,487,15,,0.837,-0.546
119,House,21968,61,4,AZ,100,,,"STANTON, Greg",S001211,1970.0,,-0.281,0.255,-33.74882,0.93383,493,15,,-0.274,0.203
119,House,22309,61,6,AZ,200,,,"CISCOMANI, Juan",C001133,1982.0,,0.296,0.596,-27.50838,0.94486,485,8,,0.393,0.2
119,House,22311,61,2,AZ,200,,,"CRANE, Eli",C001132,1980.0,,0.747,-0.665,-38.25365,0.92577,496,20,,0.77,-0.638
119,House,22500,61,3,AZ,100,,,"ANSARI, Yassamin",A000381,1992.0,,-0.433,-0.38,-24.2757,0.95242,498,9,,-0.433,-0.38
119,House,22522,61,8,AZ,200,,,"HAMADEH, Abraham J.",H001098,1991.0,,0.666,-0.067,-39.99575,0.92312,500,20,,0.666,-0.069
119,House,22565,61,7,AZ,100,,,"GRIJALVA, Adelita S.",G000606,,,-0.477,-0.683,-7.45211,0.97307,273,1,,-0.477,-0.682
119,House,21106,42,1,AR,200,,,"CRAWFORD, Rick",C001087,1966.0,,0.462,0.302,-22.62759,0.95532,495,11,,0.528,0.262
119,House,21108,42,3,AR,200,,,"WOMACK, Steve",W000809,1957.0,,0.347,0.635,-9.78759,0.97858,452,3,,0.338,0.598
119,House,21503,42,2,AR,200,,,"HILL, French",H001072,1956.0,,0.435,0.28,-12.03647,0.97621,500,4,,0.373,0.55
119,House,21563,42,4,AR,200,,,"WESTERMAN, Bruce",W000821,1967.0,,0.544,0.26,-20.41172,0.96015,502,12,,0.447,0.277
119,House,15448,71,11,CA,100,,,"PELOSI, Nancy",P000197,1940.0,,-0.489,-0.174,-20.38906,0.95737,468,12,,-0.476,0.171
119,House,20107,71,48,CA,200,,,"ISSA, Darrell",I000056,1953.0,,0.476,0.033,-24.72501,0.95166,499,13,,0.377,0.337
119,House,20310,71,38,CA,100,,,"SÁNCHEZ, Linda T.",S001156,1969.0,,-0.507,-0.129,-19.12797,0.96209,495,8,,-0.444,-0.14
119,House,20501,71,21,CA,100,,,"COSTA, Jim",C001059,1952.0,,-0.199,0.447,-92.00477,0.82721,485,50,,-0.323,0.715
119,House,20538,71,7,CA,100,,,"MATSUI, Doris",M001163,1944.0,,-0.433,-0.15,-22.18831,0.95693,504,9,,-0.407,-0.426
119,House,20903,71,5,CA,200,,,"McCLINTOCK, Tom",M001177,1956.0,,0.671,-0.362,-76.26747,0.85559,489,36,,0.631,-0.314
119,House,20955,71,28,CA,100,,,"CHU, Judy",C001080,1953.0,,-0.479,-0.369,-23.35537,0.95472,504,9,,-0.399,-0.329
119,House,20958,71,8,CA,100,,,"GARAMENDI, John",G000559,1945.0,,-0.312,-0.101,-36.35628,0.92337,456,13,,-0.306,-0.311
119,House,21302,71,1,CA,200,,,"LAMALFA, Doug",L000578,1960.0,2026.0,0.542,0.007,-12.90376,0.95663,291,4,,0.576,0.048
119,House,21303,71,2,CA,100,,,"HUFFMAN, Jared",H001068,1964.0,,-0.432,-0.506,-19.897,0.96076,497,8,,-0.497,-0.381
119,House,21304,71,6,CA,100,,,"BERA, Ami",B001287,1965.0,,-0.247,0.006,-42.40823,0.91773,494,18,,-0.269,-0.126
119,House,21306,71,14,CA,100,,,"SWALWELL, Eric",S001193,1980.0,,-0.355,-0.05,-14.50643,0.94553,259,8,,-0.271,-0.303
119,House,21307,71,22,CA,200,,,"VALADAO, David G.",V000129,1977.0,,0.256,0.437,-25.27096,0.95003,493,14,,0.243,0.431
119,House,21308,71,26,CA,100,,,"BROWNLEY, Julia",B001285,1952.0,,-0.306,0.049,-24.0586,0.9519,488,8,,-0.439,0.089
119,House,21311,71,25,CA,100,,,"RUIZ, Raul",R000599,1972.0,,-0.262,0.04,-37.51254,0.92758,499,16,,-0.396,0.093
119,House,21312,71,39,CA,100,,,"TAKANO, Mark",T000472,1960.0,,-0.457,-0.338,-15.31758,0.96995,502,7,,-0.397,-0.523
119,House,21314,71,52,CA,100,,,"VARGAS, Juan",V000130,1961.0,,-0.398,0.015,-40.00176,0.92237,495,12,,-0.455,-0.208
119,House,21315,71,50,CA,100,,,"PETERS, Scott",P000608,1958.0,,-0.194,-0.036,-47.03088,0.91005,499,18,,-0.226,-0.091
119,House,21504,71,10,CA,100,,,"DESAULNIER, Mark James",D000623,1952.0,,-0.508,-0.364,-16.90735,0.96635,494,7,,-0.428,-0.444
119,House,21506,71,33,CA,100,,,"AGUILAR, Peter Rey",A000371,1979.0,,-0.327,0.145,-23.87225,0.95347,501,8,,-0.461,0.323
119,House,21507,71,36,CA,100,,,"LIEU, Ted",L000582,1969.0,,-0.369,-0.199,-29.86006,0.941,491,13,,-0.363,-0.016
119,House,21508,71,35,CA,100,,,"TORRES, Norma Judith",T000474,1965.0,,-0.365,0.074,-34.67397,0.93274,498,14,,-0.34,0.078
119,House,21703,71,44,CA,100,,,"BARRAGÁN, Nanette Diaz",B001300,1976.0,,-0.497,-0.118,-13.0296,0.97386,492,4,,-0.484,-0.091
119,House,21709,71,24,CA,100,,,"CARBAJAL, Salud",C001112,1964.0,,-0.325,0.103,-25.01737,0.95129,501,10,,-0.345,0.101
119,House,21711,71,46,CA,100,,,"CORREA, Jose Luis",C001110,1958.0,,-0.285,0.187,-80.73864,0.84459,478,30,,-0.406,0.646
119,House,21728,71,17,CA,100,,,"KHANNA, Ro",K000389,1976.0,,-0.458,-0.296,-24.25852,0.95236,497,9,,-0.385,-0.228
119,House,21740,71,19,CA,100,,,"PANETTA, James Varni",P000613,1969.0,,-0.283,0.196,-45.71619,0.91345,505,21,,-0.27,0.278
119,House,21754,71,34,CA,100,,,"GOMEZ, Jimmy",G000585,1974.0,,-0.53,-0.262,-30.748,0.93795,480,12,,-0.504,-0.17
119,House,21907,71,31,CA,100,,,"CISNEROS, Gil",C001123,1971.0,,-0.466,0.591,-33.24541,0.93604,503,16,,-0.473,0.391
119,House,21930,71,9,CA,100,,,"HARDER, Josh",H001090,1986.0,,-0.296,0.42,-52.34869,0.90097,502,25,,-0.226,0.106
119,House,21939,71,49,CA,100,,,"LEVIN, Mike",L000593,1978.0,,-0.322,0.155,-25.48266,0.9505,502,12,,-0.302,0.092
119,House,22126,71,51,CA,100,,,"JACOBS, Sara",J000305,1989.0,,-0.416,-0.426,-14.17966,0.97226,504,4,,-0.514,-0.332
119,House,22129,71,40,CA,200,,,"KIM, Young",K000397,1962.0,,0.263,0.389,-19.20409,0.96247,502,6,,0.395,0.529
119,House,22145,71,23,CA,200,,,"OBERNOLTE, Jay",O000019,1970.0,,0.318,0.294,-35.55916,0.93148,501,12,,0.324,0.404
119,House,22323,71,42,CA,100,,,"GARCIA, Robert",G000598,1977.0,,-0.372,-0.593,-12.94692,0.97371,486,3,,-0.386,-0.422
119,House,22333,71,37,CA,100,,,"KAMLAGER-DOVE, Sydney",K000400,1972.0,,-0.518,-0.446,-16.99307,0.96578,488,6,,-0.509,-0.208
119,House,22336,71,3,CA,200,,,"KILEY, Kevin",K000401,1985.0,,0.253,0.418,-24.96588,0.93737,386,8,,0.26,0.306
119,House,22354,71,15,CA,100,,,"MULLIN, Kevin",M001225,1970.0,,-0.481,0.001,-18.96473,0.9611,478,9,,-0.528,0.178
119,House,22378,71,20,CA,200,,,"FONG, Vince",F000480,1979.0,,0.446,0.801,-13.89213,0.9721,491,4,,0.417,0.742
119,House,22516,71,30,CA,100,,,"FRIEDMAN, Laura",F000483,1966.0,,-0.344,-0.385,-19.75038,0.96135,501,8,,-0.344,-0.384
119,House,22521,71,13,CA,100,,,"GRAY, Adam",G000605,1977.0,,-0.216,0.703,-76.9286,0.85048,475,30,,-0.216,0.704
119,House,22532,71,16,CA,100,,,"LICCARDO, Sam T.",L000607,1970.0,,-0.342,-0.084,-24.11912,0.953,501,9,,-0.342,-0.082
119,House,22541,71,47,CA,100,,,"MIN, Dave",M001241,1976.0,,-0.204,-0.191,-60.78256,0.88639,504,30,,-0.204,-0.189
119,House,22550,71,29,CA,100,,,"RIVAS, Luz M.",R000620,1974.0,,-0.501,-0.282,-15.43572,0.96966,501,6,,-0.501,-0.282
119,House,22553,71,12,CA,100,,,"SIMON, Lateefah",S001231,1977.0,,-0.56,-0.385,-19.09276,0.96224,496,7,,-0.56,-0.384
119,House,22556,71,45,CA,100,,,"TRAN, Derek",T000491,1980.0,,-0.255,0.23,-43.61195,0.91679,502,20,,-0.256,0.237
119,House,22559,71,27,CA,100,,,"WHITESIDES, George",W000830,1974.0,,-0.203,0.128,-39.64428,0.92303,495,16,,-0.204,0.133
119,House,22570,71,1,CA,200,,,"GALLAGHER, James",G000607,,,,,,,,,,0.414,0.91
119,House,29106,71,43,CA,100,,,"WATERS, Maxine",W000187,1938.0,,-0.656,-0.094,-15.3771,0.96879,485,5,,-0.645,-0.004
119,House,29323,71,41,CA,200,,,"CALVERT, Ken",C000059,1953.0,,0.34,0.278,-13.23977,0.97402,503,4,,0.348,0.475
119,House,29504,71,18,CA,100,,,"LOFGREN, Zoe",L000397,1947.0,,-0.396,-0.397,-30.99961,0.93906,493,11,,-0.34,-0.151
119,House,29707,71,32,CA,100,,,"SHERMAN, Brad",S000344,1954.0,,-0.345,-0.137,-31.96596,0.93709,492,13,,-0.489,0.068
119,House,29901,71,4,CA,100,,,"THOMPSON, Michael",T000460,1951.0,,-0.392,0.072,-38.20399,0.92672,502,14,,-0.364,0.091
119,House,92336,71,3,CA,328,,,"KILEY, Kevin",K000401,1985.0,,0.172,0.521,-20.11632,0.83823,114,7,,0.171,0.515
119,House,21912,62,6,CO,100,,,"CROW, Jason",C001121,1979.0,,-0.362,0.193,-35.89519,0.93112,503,15,,-0.418,0.073
119,House,21948,62,2,CO,100,,,"NEGUSE, Joseph",N000191,1984.0,,-0.431,-0.104,-24.78405,0.95201,504,12,,-0.497,0.003
119,House,22103,62,4,CO,200,,,"BOEBERT, Lauren",B000825,1986.0,,0.71,-0.53,-62.25773,0.88046,489,26,,0.615,-0.601
119,House,22359,62,7,CO,100,,,"PETTERSEN, Brittany",P000620,1981.0,,-0.37,0.272,-40.09964,0.91194,435,13,,-0.342,-0.112
119,House,22509,62,5,CO,200,,,"CRANK, Jeff",C001137,1967.0,,0.685,-0.069,-45.21488,0.91436,505,17,,0.685,-0.071
119,House,22513,62,8,CO,200,,,"EVANS, Gabe",E000300,1986.0,,0.337,0.053,-41.24017,0.92158,505,18,,0.337,0.05
119,House,22526,62,3,CO,200,,,"HURD, Jeff",H001100,1979.0,,0.31,0.323,-26.81338,0.94799,502,11,,0.31,0.32
119,House,29710,62,1,CO,100,,,"DEGETTE, Diana",D000197,1957.0,,-0.431,-0.309,-15.35657,0.96939,494,6,,-0.537,-0.221
119,House,20706,1,2,CT,100,,,"COURTNEY, Joe",C001069,1953.0,,-0.336,0.041,-33.27556,0.93234,475,15,,-0.285,-0.013
119,House,20907,1,4,CT,100,,,"HIMES, James A.",H001047,1966.0,,-0.24,-0.203,-38.85339,0.92538,501,18,,-0.221,-0.147
119,House,21931,1,5,CT,100,,,"HAYES, Jahana",H001081,1973.0,,-0.34,-0.049,-25.93727,0.94895,495,16,,-0.379,-0.106
119,House,29109,1,3,CT,100,,,"DeLAURO, Rosa L.",D000216,1943.0,,-0.414,-0.107,-27.80647,0.94591,500,10,,-0.322,-0.225
119,House,29908,1,1,CT,100,,,"LARSON, John B.",L000557,1948.0,,-0.396,-0.04,-20.85307,0.9585,492,7,,-0.369,-0.171
119,House,22535,11,1,DE,100,,,"MCBRIDE, Sarah",M001238,1990.0,,-0.262,-0.393,-31.71711,0.93865,501,15,,-0.262,-0.393
119,House,21993,55,0,DC,100,,,"NORTON, Eleanor Holmes",N000147,1937.0,,-0.491,-0.114,-0.3034,0.99383,49,0,,-0.518,-0.124
119,House,20316,43,26,FL,200,,,"DIAZ-BALART, Mario",D000600,1961.0,,0.282,0.163,-21.61763,0.95605,481,6,,0.312,0.496
119,House,20504,43,25,FL,100,,,"WASSERMAN SCHULTZ, Debbie",W000797,1966.0,,-0.413,0.105,-31.9091,0.93745,494,16,,-0.38,0.198
119,House,20708,43,14,FL,100,,,"CASTOR, Kathy",C001066,1966.0,,-0.434,0.081,-41.8334,0.9188,494,11,,-0.486,0.49
119,House,20709,43,16,FL,200,,,"BUCHANAN, Vernon G.",B001260,1951.0,,0.362,-0.077,-25.12426,0.94773,468,5,,0.376,0.153
119,House,20758,43,12,FL,200,,,"BILIRAKIS, Gus",B001257,1963.0,,0.424,-0.029,-24.29998,0.95181,492,11,,0.482,0.138
119,House,21116,43,11,FL,200,,,"WEBSTER, Daniel A.",W000806,1949.0,,0.524,-0.075,-31.58261,0.93867,499,13,,0.592,0.056
119,House,21118,43,24,FL,100,,,"WILSON, Frederica",W000808,1942.0,,-0.476,-0.003,-12.83248,0.96713,384,5,,-0.462,0.142
119,House,21321,43,22,FL,100,,,"FRANKEL, Lois",F000462,1948.0,,-0.396,-0.018,-19.62881,0.95993,480,8,,-0.447,0.295
119,House,21714,43,2,FL,200,,,"DUNN, Neal Patrick",D000628,1953.0,,0.508,0.337,-11.92621,0.9732,439,8,,0.545,0.517
119,House,21735,43,21,FL,200,,,"MAST, Brian Jeffrey",M001199,1980.0,,0.461,-0.325,-44.6558,0.91306,491,22,,0.494,-0.004
119,House,21744,43,5,FL,200,,,"RUTHERFORD, John Henry",R000609,1952.0,,0.434,0.073,-18.61577,0.9593,448,9,,0.575,0.388
119,House,21746,43,9,FL,100,,,"SOTO, Darren Michael",S001200,1978.0,,-0.339,0.226,-50.67874,0.90434,504,28,,-0.329,0.394
119,House,21971,43,17,FL,200,,,"STEUBE, W. Greg",S001214,1978.0,,0.688,-0.359,-50.8111,0.90131,489,24,,0.672,-0.52
119,House,21981,43,6,FL,200,,,"WALTZ, Michael",W000823,1974.0,,0.452,-0.113,-0.00399,0.99934,6,0,,0.682,0.732
119,House,22107,43,3,FL,200,,,"CAMMACK, Kat",C001039,1988.0,,0.59,-0.256,-46.96919,0.91034,500,23,,0.603,-0.346
119,House,22111,43,19,FL,200,,,"DONALDS, Byron",D000032,1978.0,,0.638,-0.301,-45.30182,0.90736,466,20,,0.578,-0.46
119,House,22116,43,18,FL,200,,,"FRANKLIN, C. Scott",F000472,1964.0,,0.626,0.206,-19.50749,0.96189,502,7,,0.712,0.542
119,House,22118,43,28,FL,200,,,"GIMENEZ, Carlos A.",G000593,1954.0,,0.328,0.151,-22.74894,0.95255,468,8,,0.268,0.487
119,House,22150,43,27,FL,200,,,"SALAZAR, Maria Elvira",S000168,1961.0,,0.273,0.157,-33.61469,0.92677,442,14,,0.299,0.092
119,House,22163,43,20,FL,100,,,"CHERFILUS-MCCORMICK, Sheila",C001127,1979.0,,-0.429,-0.005,-19.08697,0.9543,408,8,,-0.439,0.298
119,House,22302,43,4,FL,200,,,"BEAN, Aaron",B001314,1967.0,,0.698,-0.154,-41.11278,0.92181,505,20,,0.742,-0.189
119,House,22321,43,10,FL,100,,,"FROST, Maxwell",F000476,1997.0,,-0.44,-0.705,-11.01322,0.97834,503,4,,-0.486,-0.679
119,House,22341,43,15,FL,200,,,"LEE, Laurel",L000597,1974.0,,0.419,0.16,-29.17643,0.94067,477,14,,0.487,0.101
119,House,22343,43,13,FL,200,,,"LUNA, Anna",L000596,1989.0,,0.566,-0.495,-62.7424,0.87119,455,25,,0.554,-0.463
119,House,22350,43,7,FL,200,,,"MILLS, Cory",M001216,1980.0,,0.602,-0.318,-40.31979,0.92162,494,16,,0.6,-0.347
119,House,22353,43,23,FL,100,,,"MOSKOWITZ, Jared",M001217,1980.0,,-0.227,0.301,-52.45522,0.89828,489,15,,-0.213,0.267
119,House,22523,43,8,FL,200,,,"HARIDOPOLOS, Mike",H001099,1970.0,,0.438,0.072,-28.19801,0.94495,498,12,,0.437,0.07
119,House,22562,43,6,FL,200,,,"FINE, Randy",F000484,1974.0,,0.6,-0.34,-66.52442,0.85909,438,34,,0.609,-0.324
119,House,22563,43,1,FL,200,,,"PATRONIS, Jimmy",P000622,1972.0,,0.55,-0.071,-45.94444,0.9017,444,21,,0.549,-0.073
119,House,20321,44,13,GA,100,,,"SCOTT, David",S001157,1945.0,,-0.305,0.165,-27.11079,0.93661,414,13,,-0.373,-0.006
119,House,20712,44,4,GA,100,,,"JOHNSON, Hank",J000288,1954.0,,-0.479,-0.053,-42.5058,0.91787,496,13,,-0.691,0.231
119,House,21123,44,8,GA,200,,,"SCOTT, Austin",S001189,1969.0,,0.538,0.354,-31.82557,0.93869,503,12,,0.654,0.317
119,House,21513,44,1,GA,200,,,"CARTER, Buddy",C001103,1957.0,,0.555,0.328,-24.97946,0.94908,478,7,,0.514,0.113
119,House,21515,44,11,GA,200,,,"LOUDERMILK, Barry D.",L000583,1963.0,,0.677,0.037,-26.9006,0.94505,476,16,,0.58,0.107
119,House,21516,44,12,GA,200,,,"ALLEN, Rick W.",A000372,1951.0,,0.691,0.279,-21.80791,0.95741,501,6,,0.682,0.315
119,House,21944,44,6,GA,100,,,"McBATH, Lucy",M001208,1960.0,,-0.371,0.299,-26.22793,0.94661,478,9,,-0.432,0.392
119,House,22110,44,9,GA,200,,,"CLYDE, Andrew S.",C001116,1963.0,,0.823,-0.16,-46.58504,0.91087,499,21,,0.863,-0.269
119,House,22121,44,14,GA,200,,,"GREENE, Marjorie Taylor",G000596,1974.0,,0.8,-0.6,-38.98234,0.86783,275,18,,0.637,-0.647
119,House,22156,44,5,GA,100,,,"WILLIAMS, Nikema",W000788,1978.0,,-0.445,-0.394,-12.13051,0.97515,482,4,,-0.537,-0.239
119,House,22310,44,10,GA,200,,,"COLLINS, Mike",C001129,1967.0,,0.68,-0.242,-36.38675,0.9294,497,15,,0.71,-0.203
119,House,22346,44,7,GA,200,,,"MCCORMICK, Rich",M001218,1968.0,,0.891,0.454,-44.90393,0.9146,503,17,,0.891,0.454
119,House,22527,44,3,GA,200,,,"JACK, Brian",J000311,1988.0,,0.543,0.016,-30.08834,0.94216,505,16,,0.542,0.013
119,House,22568,44,14,GA,200,,,"FULLER, Clay",F000485,,,0.695,-0.15,-6.79033,0.9362,103,2,,0.692,-0.154
119,House,29339,44,2,GA,100,,,"BISHOP, Sanford Dixon, Jr.",B000490,1947.0,,-0.289,0.446,-75.83598,0.85795,495,36,,-0.463,0.784
119,House,22373,94,0,GU,200,,,"MOYLAN, James",M001219,1962.0,,0.358,0.155,-30.45256,0.50828,45,10,,0.1,0.247
119,House,20322,82,1,HI,100,,,"CASE, Ed",C001055,1952.0,,-0.207,-0.079,-53.94511,0.89792,501,23,,-0.238,-0.06
119,House,22369,82,2,HI,100,,,"TOKUDA, Jill",T000487,1976.0,,-0.462,-0.34,-11.21201,0.97796,503,5,,-0.477,-0.176
119,House,21920,63,1,ID,200,,,"FULCHER, Russell",F000469,1962.0,,0.644,-0.113,-45.0382,0.91353,498,21,,0.678,-0.205
119,House,29910,63,2,ID,200,,,"SIMPSON, Michael K.",S001148,1950.0,,0.296,0.315,-15.44932,0.96933,496,6,,0.315,0.5
119,House,20749,21,11,IL,100,,,"FOSTER, Bill",F000454,1955.0,,-0.238,-0.219,-28.00799,0.94584,503,10,,-0.294,-0.089
119,House,20954,21,5,IL,100,,,"QUIGLEY, Mike",Q000023,1958.0,,-0.325,-0.223,-24.04335,0.95144,483,12,,-0.33,-0.035
119,House,21326,21,10,IL,100,,,"SCHNEIDER, Brad",S001190,1961.0,,-0.199,-0.114,-39.3982,0.92319,493,15,,-0.316,0.142
119,House,21371,21,2,IL,100,,,"KELLY, Robin L.",K000385,1956.0,,-0.474,-0.025,-13.67629,0.97264,493,6,,-0.495,-0.19
119,House,21519,21,12,IL,200,,,"BOST, Mike",B001295,1960.0,,0.402,-0.04,-37.57389,0.92761,500,19,,0.477,-0.074
119,House,21562,21,16,IL,200,,,"LAHOOD, Darin",L000585,1968.0,,0.461,0.221,-26.74719,0.94479,471,13,,0.479,0.352
119,House,21730,21,8,IL,100,,,"KRISHNAMOORTHI, S. Raja",K000391,1973.0,,-0.349,-0.017,-26.74322,0.94699,491,13,,-0.459,-0.007
119,House,21906,21,6,IL,100,,,"CASTEN, Sean",C001117,1971.0,,-0.627,0.408,-25.23532,0.95088,501,9,,-0.525,0.181
119,House,21921,21,4,IL,100,,,"GARCÍA, Jesús",G000586,1956.0,,-0.438,-0.877,-22.45184,0.95548,493,8,,-0.446,-0.86
119,House,21979,21,14,IL,100,,,"UNDERWOOD, Lauren",U000040,1986.0,,-0.591,0.291,-14.84698,0.97086,502,6,,-0.527,-0.146
119,House,22138,21,15,IL,200,,,"MILLER, Mary E.",M001211,1959.0,,0.787,-0.167,-38.06484,0.92613,496,15,,0.78,-0.229
119,House,22304,21,13,IL,100,,,"BUDZINSKI, Nikki",B001315,1977.0,,-0.321,0.421,-41.28012,0.92151,505,13,,-0.301,0.254
119,House,22330,21,1,IL,100,,,"JACKSON, Jonathan",J000309,1966.0,,-0.35,-0.454,-34.46847,0.9287,466,15,,-0.306,-0.423
119,House,22360,21,3,IL,100,,,"RAMIREZ, Delia",R000617,1983.0,,-0.496,-0.868,-18.11742,0.96318,483,8,,-0.586,-0.81
119,House,22365,21,17,IL,100,,,"SORENSEN, Eric",S001225,1976.0,,-0.24,0.238,-37.72584,0.92774,503,12,,-0.224,0.13
119,House,29717,21,7,IL,100,,,"DAVIS, Danny K.",D000096,1941.0,,-0.487,-0.267,-9.48402,0.98075,488,2,,-0.527,-0.257
119,House,29911,21,9,IL,100,,,"SCHAKOWSKY, Janice D.",S001145,1944.0,,-0.602,-0.288,-11.71524,0.97589,480,5,,-0.634,-0.083
119,House,20757,22,7,IN,100,,,"CARSON, André",C001072,1974.0,,-0.434,0.022,-31.56139,0.93871,499,9,,-0.386,-0.337
119,House,21100,22,3,IN,200,,,"STUTZMAN, Marlin",S001188,1976.0,,0.718,-0.08,-32.36662,0.93633,492,15,,0.617,-0.03
119,House,21903,22,4,IN,200,,,"BAIRD, James",B001307,1945.0,,0.446,0.413,-18.79635,0.96112,474,6,,0.489,0.37
119,House,22142,22,1,IN,100,,,"MRVAN, Frank J.",M001214,1969.0,,-0.303,0.364,-44.50032,0.91352,492,23,,-0.289,0.371
119,House,22151,22,5,IN,200,,,"SPARTZ, Victoria",S000929,1978.0,,0.492,-0.28,-70.56563,0.86249,477,30,,0.554,-0.381
119,House,22171,22,2,IN,200,,,"YAKYM, Rudy, III",Y000067,1984.0,,0.52,0.157,-16.93388,0.96702,505,5,,0.601,0.333
119,House,22326,22,9,IN,200,,,"HOUCHIN, Erin",H001093,1976.0,,0.637,0.239,-18.60106,0.96319,496,7,,0.69,0.396
119,House,22540,22,8,IN,200,,,"MESSMER, Mark B.",M001233,1962.0,,0.583,0.351,-14.50387,0.9713,498,5,,0.583,0.35
119,House,22552,22,6,IN,200,,,"SHREVE, Jefferson",S001229,1965.0,,0.514,0.065,-20.08011,0.96048,498,4,,0.513,0.063
119,House,22113,31,4,IA,200,,,"FEENSTRA, Randy",F000446,1969.0,,0.466,0.176,-19.38486,0.96182,498,6,,0.427,0.175
119,House,22124,31,2,IA,200,,,"HINSON, Ashley",H001091,1983.0,,0.356,0.346,-22.2934,0.95605,496,9,,0.48,0.26
119,House,22139,31,1,IA,200,,,"MILLER-MEEKS, Mariannette",M001215,1955.0,,0.337,0.19,-29.91869,0.94065,489,11,,0.346,0.148
119,House,22356,31,3,IA,200,,,"NUNN, Zach",N000193,1979.0,,0.293,0.202,-27.26399,0.94489,481,9,,0.301,0.198
119,House,21750,32,4,KS,200,,,"ESTES, Ron",E000298,1956.0,,0.648,0.131,-33.57256,0.93518,501,13,,0.796,0.606
119,House,21914,32,3,KS,100,,,"DAVIDS, Sharice",D000629,1980.0,,-0.263,0.228,-53.59319,0.89836,500,24,,-0.216,0.071
119,House,22134,32,1,KS,200,,,"MANN, Tracey",M000871,1976.0,,0.609,0.074,-21.27024,0.95876,505,7,,0.661,0.186
119,House,22551,32,2,KS,200,,,"SCHMIDT, Derek",S001228,1968.0,,0.681,0.019,-43.3593,0.91694,500,19,,0.681,0.017
119,House,14854,51,5,KY,200,,,"ROGERS, Harold Dallas (Hal)",R000395,1937.0,,0.334,0.156,-13.64615,0.97281,495,2,,0.408,0.908
119,House,20916,51,2,KY,200,,,"GUTHRIE, Brett",G000558,1964.0,,0.427,0.273,-15.41029,0.96977,502,2,,0.393,0.433
119,House,21333,51,6,KY,200,,,"BARR, Garland H. (Andy), IV",B001282,1973.0,,0.489,0.293,-17.61989,0.96351,474,13,,0.635,0.373
119,House,21565,51,1,KY,200,,,"COMER, James",C001108,1972.0,,0.592,-0.064,-32.93836,0.93575,496,14,,0.579,-0.091
119,House,22347,51,3,KY,100,,,"MCGARVEY, Morgan",M001220,1979.0,,-0.498,-0.06,-19.34866,0.96234,504,11,,-0.407,-0.351
119,House,31102,51,4,KY,200,,,"MASSIE, Thomas",M001184,1971.0,,0.658,-0.753,-163.97054,0.70808,475,62,,0.532,-0.847
119,House,20759,45,1,LA,200,,,"SCALISE, Steve",S001176,1965.0,,0.559,0.16,-26.32715,0.94831,496,9,,0.57,0.07
119,House,21724,45,3,LA,200,,,"HIGGINS, Clay",H001077,1961.0,,0.629,-0.326,-44.7503,0.91356,495,20,,0.745,-0.336
119,House,21727,45,4,LA,200,,,"JOHNSON, Mike",J000299,1972.0,,0.566,0.029,-5.15208,0.98757,412,1,,0.528,0.376
119,House,22157,45,5,LA,200,,,"LETLOW, Julia",L000595,1981.0,,0.433,0.336,-27.0283,0.94514,479,12,,0.579,0.229
119,House,22158,45,2,LA,100,,,"CARTER, Troy",C001125,1963.0,,-0.522,0.289,-24.14782,0.95276,499,8,,-0.531,0.48
119,House,29354,45,6,LA,100,,,"FIELDS, Cleo",F000110,1962.0,,-0.457,0.12,-28.6503,0.94321,490,12,,-0.479,0.394
119,House,20920,2,1,ME,100,,,"PINGREE, Chellie",P000597,1955.0,,-0.423,-0.365,-23.4421,0.95282,485,8,,-0.528,-0.225
119,House,21923,2,2,ME,100,,,"GOLDEN, Jared",G000592,1982.0,,-0.107,0.391,-105.56408,0.80619,490,40,,-0.137,0.553
119,House,14873,52,5,MD,100,,,"HOYER, Steny Hamilton",H000874,1939.0,,-0.381,0.124,-35.25541,0.93085,492,12,,-0.363,0.165
119,House,15433,52,7,MD,100,,,"MFUME, Kweisi",M000687,1948.0,,-0.44,-0.322,-19.17136,0.96069,478,10,,-0.366,-0.258
119,House,21139,52,1,MD,200,,,"HARRIS, Andy",H001052,1957.0,,0.675,-0.379,-74.09305,0.8602,492,34,,0.785,-0.329
119,House,21741,52,8,MD,100,,,"RASKIN, Jamie Ben",R000606,1962.0,,-0.498,-0.225,-18.32222,0.96409,501,11,,-0.418,-0.155
119,House,22329,52,4,MD,100,,,"IVEY, Glenn",I000058,1961.0,,-0.459,-0.041,-15.69528,0.96891,497,5,,-0.407,-0.138
119,House,22512,52,3,MD,100,,,"ELFRETH, Sarah",E000301,1988.0,,-0.379,-0.064,-24.11462,0.95337,505,12,,-0.379,-0.062
119,House,22536,52,6,MD,100,,,"MCCLAIN DELANEY, April",M001232,1964.0,,-0.285,0.058,-32.75735,0.93521,489,12,,-0.285,0.062
119,House,22545,52,2,MD,100,,,"OLSZEWSKI, Johnny, Jr.",O000176,1982.0,,-0.366,-0.054,-15.76138,0.96903,501,5,,-0.367,-0.052
119,House,15616,3,1,MA,100,,,"NEAL, Richard Edmund",N000015,1949.0,,-0.417,-0.105,-16.1564,0.9669,480,6,,-0.404,-0.024
119,House,20119,3,8,MA,100,,,"LYNCH, Stephen F.",L000562,1955.0,,-0.342,0.047,-44.36421,0.9131,488,20,,-0.205,-0.265
119,House,21140,3,9,MA,100,,,"KEATING, William R.",K000375,1952.0,,-0.329,-0.099,-28.07194,0.94331,481,11,,-0.284,-0.175
119,House,21375,3,5,MA,100,,,"CLARK, Katherine M.",C001101,1963.0,,-0.478,-0.244,-23.03129,0.95533,504,13,,-0.496,0.221
119,House,21525,3,6,MA,100,,,"MOULTON, Seth",M001196,1978.0,,-0.286,-0.047,-27.32614,0.94057,446,10,,-0.3,-0.211
119,House,21955,3,7,MA,100,,,"PRESSLEY, Ayanna",P000617,1974.0,,-0.376,-0.927,-16.4194,0.96724,493,5,,-0.486,-0.809
119,House,21977,3,3,MA,100,,,"TRAHAN, Lori",T000482,1973.0,,-0.411,-0.123,-22.21492,0.95523,485,10,,-0.39,-0.008
119,House,22100,3,4,MA,100,,,"AUCHINCLOSS, Jake",A000148,1988.0,,-0.271,-0.271,-41.71174,0.9171,482,18,,-0.234,-0.218
119,House,29729,3,2,MA,100,,,"McGOVERN, James P.",M000312,1959.0,,-0.538,-0.351,-21.53831,0.95725,493,11,,-0.493,-0.758
119,House,20725,23,5,MI,200,,,"WALBERG, Tim",W000798,1951.0,,0.498,0.165,-22.31949,0.95634,500,9,,0.453,0.34
119,House,21142,23,4,MI,200,,,"HUIZENGA, Bill",H001058,1969.0,,0.531,0.056,-21.64254,0.95747,498,10,,0.442,0.269
119,House,21526,23,2,MI,200,,,"MOOLENAAR, John",M001194,1961.0,,0.447,0.178,-12.45455,0.97554,503,1,,0.457,0.767
119,House,21529,23,6,MI,100,,,"DINGELL, Debbie",D000624,1953.0,,-0.398,-0.186,-17.00176,0.96644,498,5,,-0.395,-0.15
119,House,21704,23,1,MI,200,,,"BERGMAN, John",B001301,1947.0,,0.433,0.09,-19.26182,0.96176,494,9,,0.518,0.42
119,House,21972,23,11,MI,100,,,"STEVENS, Haley",S001215,1983.0,,-0.365,0.233,-36.50857,0.92986,502,15,,-0.336,0.208
119,House,21975,23,12,MI,100,,,"TLAIB, Rashida",T000481,1976.0,,-0.29,-0.957,-28.80199,0.94325,493,10,,-0.468,-0.884
119,House,22136,23,9,MI,200,,,"MCCLAIN, Lisa C.",M001136,1966.0,,0.549,0.176,-21.16016,0.95832,497,10,,0.496,0.561
119,House,22332,23,10,MI,200,,,"JAMES, John",J000307,1981.0,,0.32,0.396,-23.34644,0.95154,470,7,,0.403,0.193
119,House,22363,23,3,MI,100,,,"SCHOLTEN, Hillary",S001221,1982.0,,-0.263,0.232,-44.71264,0.91245,488,22,,-0.278,0.277
119,House,22368,23,13,MI,100,,,"THANEDAR, Shri",T000488,1955.0,,-0.351,-0.043,-34.56585,0.9332,500,18,,-0.351,-0.039
119,House,22501,23,7,MI,200,,,"BARRETT, Tom",B001321,1981.0,,0.52,-0.145,-51.53237,0.90244,502,22,,0.519,-0.148
119,House,22537,23,8,MI,100,,,"MCDONALD RIVET, Kristen",M001237,1970.0,,-0.237,0.337,-51.49528,0.90043,491,22,,-0.239,0.345
119,House,20122,33,4,MN,100,,,"MCCOLLUM, Betty",M001143,1954.0,,-0.419,-0.182,-12.92485,0.97443,499,6,,-0.449,-0.042
119,House,21531,33,6,MN,200,,,"EMMER, Thomas Earl, II",E000294,1961.0,,0.468,-0.062,-20.91942,0.95878,497,6,,0.567,0.23
119,House,21910,33,2,MN,100,,,"CRAIG, Angela",C001119,1972.0,,-0.274,0.508,-77.41494,0.85549,496,35,,-0.272,0.007
119,House,21950,33,5,MN,100,,,"OMAR, Ilhan",O000173,1982.0,,-0.296,-0.955,-31.31327,0.9387,495,12,,-0.395,-0.896
119,House,21969,33,8,MN,200,,,"STAUBER, Peter",S001212,1966.0,,0.385,-0.092,-36.17478,0.93021,500,15,,0.409,-0.052
119,House,22114,33,7,MN,200,,,"FISCHBACH, Michelle",F000470,1965.0,,0.542,-0.009,-20.16425,0.9607,503,6,,0.6,0.203
119,House,22167,33,1,MN,200,,,"FINSTAD, Brad",F000475,1976.0,,0.554,-0.011,-20.9968,0.9588,499,7,,0.606,0.204
119,House,22544,33,3,MN,100,,,"MORRISON, Kelly",M001234,1969.0,,-0.343,-0.081,-17.72042,0.96545,504,6,,-0.343,-0.079
119,House,21561,46,1,MS,200,,,"KELLY, Trent",K000388,1966.0,,0.637,0.297,-14.8597,0.97078,501,5,,0.606,0.282
119,House,21927,46,3,MS,200,,,"GUEST, Michael",G000591,1970.0,,0.53,0.125,-24.04237,0.9525,494,12,,0.552,0.152
119,House,22319,46,4,MS,200,,,"EZELL, Mike",E000235,1959.0,,0.551,0.151,-32.22721,0.93721,497,17,,0.524,0.05
119,House,29368,46,2,MS,100,,,"THOMPSON, Bennie",T000193,1948.0,,-0.519,0.391,-18.72617,0.96235,488,6,,-0.641,0.524
119,House,20124,34,6,MO,200,,,"GRAVES, Samuel",G000546,1963.0,,0.449,0.162,-18.99342,0.96104,478,9,,0.602,0.404
119,House,20517,34,5,MO,100,,,"CLEAVER, Emanuel, II",C001061,1944.0,,-0.454,0.003,-12.6064,0.97413,481,2,,-0.507,0.144
119,House,21337,34,2,MO,200,,,"WAGNER, Ann",W000812,1962.0,,0.392,0.301,-15.36916,0.96973,500,4,,0.534,0.773
119,House,21373,34,8,MO,200,,,"SMITH, Jason",S001195,1980.0,,0.577,0.204,-24.02155,0.95272,496,12,,0.575,0.142
119,House,22300,34,4,MO,200,,,"ALFORD, Mark",A000379,1963.0,,0.568,0.077,-34.02797,0.93382,497,16,,0.486,0.502
119,House,22305,34,7,MO,200,,,"BURLISON, Eric",B001316,1976.0,,0.736,-0.551,-44.40255,0.91217,483,19,,0.824,-0.566
119,House,22504,34,1,MO,100,,,"BELL, Wesley",B001324,1974.0,,-0.479,0.351,-26.95242,0.94701,495,10,,-0.48,0.357
119,House,22546,34,3,MO,200,,,"ONDER, Robert F., Jr.",O000177,1962.0,,0.692,-0.193,-41.6705,0.91895,493,25,,0.691,-0.195
119,House,21532,64,1,MT,200,,,"ZINKE, Ryan",Z000018,1961.0,,0.443,-0.118,-36.77422,0.92798,492,15,,0.471,0.029
119,House,22511,64,2,MT,200,,,"DOWNING, Troy",D000634,1967.0,,0.648,-0.057,-44.46928,0.91555,504,23,,0.647,-0.058
119,House,20729,35,3,NE,200,,,"SMITH, Adrian",S001172,1970.0,,0.509,0.257,-18.49168,0.96348,497,6,,0.435,0.362
119,House,21701,35,2,NE,200,,,"BACON, Donald J.",B001298,1963.0,,0.277,0.182,-71.28564,0.86786,503,30,,0.2,0.196
119,House,22166,35,1,NE,200,,,"FLOOD, Mike",F000474,1975.0,,0.441,0.668,-23.98505,0.95334,502,8,,0.359,0.418
119,House,20927,65,1,NV,100,,,"TITUS, Alice (Dina)",T000468,1950.0,,-0.297,-0.159,-28.94111,0.9385,456,15,,-0.292,-0.033
119,House,21196,65,2,NV,200,,,"AMODEI, Mark E.",A000369,1958.0,,0.384,0.214,-22.3327,0.95536,489,5,,0.36,0.35
119,House,21339,65,4,NV,100,,,"HORSFORD, Steven",H001066,1973.0,,-0.314,0.169,-55.98256,0.89306,495,23,,-0.304,0.362
119,House,21938,65,3,NV,100,,,"LEE, Susie",L000590,1966.0,,-0.23,0.307,-49.95761,0.90455,498,22,,-0.218,0.274
119,House,21951,4,1,NH,100,,,"PAPPAS, Chris",P000614,1980.0,,-0.231,0.307,-38.29922,0.92668,503,11,,-0.205,0.163
119,House,22520,4,2,NH,100,,,"GOODLANDER, Maggie",G000604,1986.0,,-0.203,0.089,-37.17569,0.92848,501,16,,-0.203,0.093
119,House,14863,12,4,NJ,200,,,"SMITH, Christopher Henry",S000522,1953.0,,0.184,-0.171,-104.84535,0.81185,503,35,,0.355,-0.172
119,House,15454,12,6,NJ,100,,,"PALLONE, Frank, Jr.",P000034,1951.0,,-0.402,-0.162,-23.86694,0.95357,502,9,,-0.502,0.071
119,House,21536,12,1,NJ,100,,,"NORCROSS, Donald",N000188,1958.0,,-0.422,0.343,-31.4387,0.92934,429,15,,-0.464,0.376
119,House,21538,12,12,NJ,100,,,"WATSON COLEMAN, Bonnie",W000822,1945.0,,-0.593,-0.228,-9.58841,0.98101,500,2,,-0.556,-0.304
119,House,21723,12,5,NJ,100,,,"GOTTHEIMER, Josh S.",G000583,1975.0,,-0.165,0.22,-51.26892,0.89187,448,15,,-0.224,0.371
119,House,21964,12,11,NJ,100,,,"SHERRILL, Mikie",S001207,1972.0,,-0.234,0.243,-6.51276,0.9454,116,2,,-0.23,0.026
119,House,22334,12,7,NJ,200,,,"KEAN, Thomas",K000398,1968.0,,0.202,0.353,-22.83068,0.94198,382,8,,0.242,0.183
119,House,22348,12,8,NJ,100,,,"MENENDEZ, Robert",M001226,1985.0,,-0.519,0.195,-23.44912,0.95463,505,14,,-0.565,-0.004
119,House,22381,12,10,NJ,100,,,"MCIVER, LaMonica",M001229,1986.0,,-0.539,-0.285,-9.52063,0.98121,502,2,,-0.556,-0.304
119,House,22508,12,3,NJ,100,,,"CONAWAY, Herbert C., Jr.",C001136,1963.0,,-0.29,0.021,-28.15738,0.94449,493,10,,-0.291,0.026
119,House,22547,12,9,NJ,100,,,"POU, Nellie",P000621,1956.0,,-0.298,-0.005,-27.41464,0.94706,504,11,,-0.298,-0.002
119,House,22569,12,11,NJ,100,,,"MEJIA, Analilia",M001246,,,-0.382,-0.53,-5.12498,0.94404,89,2,,-0.382,-0.53
119,House,91980,12,2,NJ,200,,,"VAN DREW, Jefferson",V000133,1953.0,,0.383,-0.414,-62.69707,0.88215,500,30,,0.373,-0.247
119,House,22131,66,3,NM,100,,,"LEGER FERNANDEZ, Teresa",L000273,1959.0,,-0.364,-0.188,-19.49851,0.95867,462,9,,-0.395,-0.202
119,House,22159,66,1,NM,100,,,"STANSBURY, Melanie Ann",S001218,1979.0,,-0.439,-0.215,-12.92749,0.97412,493,5,,-0.383,-0.385
119,House,22371,66,2,NM,100,,,"VASQUEZ, Gabriel",V000136,1984.0,,-0.319,0.545,-53.24781,0.89898,500,24,,-0.338,0.608
119,House,20733,13,9,NY,100,,,"CLARKE, Yvette Diane",C001067,1964.0,,-0.608,-0.257,-18.66314,0.96255,489,8,,-0.654,-0.218
119,House,20934,13,20,NY,100,,,"TONKO, Paul",T000469,1949.0,,-0.416,-0.261,-13.45329,0.97335,498,5,,-0.478,-0.167
119,House,21342,13,6,NY,100,,,"MENG, Grace",M001188,1975.0,,-0.371,-0.212,-22.43939,0.95442,481,10,,-0.359,-0.252
119,House,21343,13,8,NY,100,,,"JEFFRIES, Hakeem",J000294,1970.0,,-0.483,-0.056,-18.43836,0.96394,502,10,,-0.475,0.174
119,House,21541,13,21,NY,200,,,"STEFANIK, Elise M.",S001196,1984.0,,0.308,-0.106,-30.01973,0.9318,425,10,,0.419,0.236
119,House,21715,13,13,NY,100,,,"ESPAILLAT, Adriano J.",E000297,1954.0,,-0.526,-0.216,-16.43551,0.96754,498,7,,-0.433,-0.364
119,House,21747,13,3,NY,100,,,"SUOZZI, Thomas",S001201,1962.0,,-0.212,0.167,-71.37455,0.86496,492,29,,-0.173,0.242
119,House,21749,13,24,NY,200,,,"TENNEY, Claudia",T000478,1961.0,,0.466,0.024,-18.94477,0.96296,502,6,,0.558,0.355
119,House,21761,13,25,NY,100,,,"MORELLE, Joseph",M001206,1957.0,,-0.33,0.15,-30.59139,0.93983,493,15,,-0.311,0.094
119,House,21949,13,14,NY,100,,,"OCASIO-CORTEZ, Alexandria",O000172,1989.0,,-0.333,-0.943,-16.80942,0.96634,491,6,,-0.514,-0.825
119,House,22117,13,2,NY,200,,,"GARBARINO, Andrew R.",G000597,1984.0,,0.244,0.228,-36.31822,0.92828,488,15,,0.253,0.164
119,House,22133,13,11,NY,200,,,"MALLIOTAKIS, Nicole",M000317,1980.0,,0.334,-0.074,-49.56794,0.90526,498,17,,0.278,0.054
119,House,22154,13,15,NY,100,,,"TORRES, Ritchie",T000486,1988.0,,-0.312,-0.119,-35.48295,0.92987,488,17,,-0.293,-0.149
119,House,22169,13,18,NY,100,,,"RYAN, Patrick",R000579,1982.0,,-0.225,0.165,-52.15658,0.90132,502,24,,-0.192,-0.058
119,House,22324,13,10,NY,100,,,"GOLDMAN, Daniel",G000599,1976.0,,-0.445,0.122,-29.17198,0.93816,457,13,,-0.529,0.284
119,House,22337,13,1,NY,200,,,"LALOTA, Nicholas",L000598,1978.0,,0.251,0.095,-32.77932,0.93592,495,14,,0.236,0.132
119,House,22339,13,23,NY,200,,,"LANGWORTHY, Nick",L000600,1981.0,,0.422,-0.038,-28.55353,0.94438,499,11,,0.423,0.032
119,House,22340,13,17,NY,200,,,"LAWLER, Michael",L000599,1986.0,,0.189,0.222,-42.26964,0.91815,495,16,,0.201,0.124
119,House,22377,13,26,NY,100,,,"KENNEDY, Timothy M.",K000402,1976.0,,-0.386,0.272,-23.54297,0.95436,504,9,,-0.39,0.238
119,House,22518,13,4,NY,100,,,"GILLEN, Laura",G000602,1969.0,,-0.165,0.282,-53.66465,0.89666,492,20,,-0.164,0.278
119,House,22531,13,16,NY,100,,,"LATIMER, George",L000606,1953.0,,-0.391,0.218,-29.25211,0.94228,492,14,,-0.384,0.169
119,House,22534,13,22,NY,100,,,"MANNION, John W.",M001231,1968.0,,-0.234,0.093,-44.19301,0.91605,504,15,,-0.235,0.097
119,House,22549,13,19,NY,100,,,"RILEY, Josh",R000622,1981.0,,-0.2,0.211,-49.61124,0.905,497,12,,-0.201,0.217
119,House,29377,13,12,NY,100,,,"NADLER, Jerrold Lewis",N000002,1947.0,,-0.507,-0.471,-20.10386,0.95678,455,10,,-0.544,-0.158
119,House,29378,13,7,NY,100,,,"VELÁZQUEZ, Nydia M.",V000081,1953.0,,-0.547,-0.371,-16.0197,0.96771,488,6,,-0.53,-0.516
119,House,29776,13,5,NY,100,,,"MEEKS, Gregory W.",M001137,1953.0,,-0.415,-0.06,-22.12873,0.95549,486,9,,-0.407,0.022
119,House,20521,47,5,NC,200,,,"FOXX, Virginia Ann",F000450,1943.0,,0.624,0.177,-17.40004,0.96593,502,6,,0.725,0.494
119,House,21346,47,9,NC,200,,,"HUDSON, Richard",H001067,1971.0,,0.524,0.209,-21.1344,0.95861,500,9,,0.552,0.231
119,House,21544,47,7,NC,200,,,"ROUZER, David",R000603,1972.0,,0.567,0.289,-17.49779,0.96547,498,4,,0.618,0.371
119,House,21545,47,12,NC,100,,,"ADAMS, Alma",A000370,1946.0,,-0.463,-0.007,-13.79186,0.97301,504,4,,-0.455,-0.061
119,House,21987,47,3,NC,200,,,"MURPHY, Gregory Francis",M001210,1963.0,,0.484,0.135,-21.04735,0.9519,427,8,,0.447,0.255
119,House,22149,47,2,NC,100,,,"ROSS, Deborah K.",R000305,1963.0,,-0.388,0.008,-18.17109,0.96452,503,6,,-0.354,-0.075
119,House,22314,47,1,NC,100,,,"DAVIS, Don",D000230,1971.0,,-0.243,0.888,-68.36529,0.87244,501,25,,-0.215,0.881
119,House,22318,47,11,NC,200,,,"EDWARDS, Chuck",E000246,1960.0,,0.376,0.398,-58.44342,0.88969,500,13,,0.422,0.085
119,House,22320,47,4,NC,100,,,"FOUSHEE, Valerie",F000477,1956.0,,-0.499,-0.296,-11.62971,0.97669,493,3,,-0.437,-0.449
119,House,22524,47,10,NC,200,,,"HARRIGAN, Pat",H001101,1987.0,,0.971,0.239,-45.56972,0.91188,494,18,,0.971,0.239
119,House,22525,47,8,NC,200,,,"HARRIS, Mark",H001102,1966.0,,0.825,-0.107,-44.70898,0.91527,505,15,,0.824,-0.109
119,House,22530,47,13,NC,200,,,"KNOTT, Brad",K000405,1986.0,,0.919,0.324,-39.42096,0.92375,497,20,,0.919,0.323
119,House,22538,47,6,NC,200,,,"MCDOWELL, Addison P.",M001240,1994.0,,0.538,-0.001,-30.83674,0.94054,503,15,,0.537,-0.003
119,House,22542,47,14,NC,200,,,"MOORE, Tim",M001236,1970.0,,0.577,0.074,-27.77578,0.94628,503,8,,0.576,0.072
119,House,22514,36,1,ND,200,,,"FEDORCHAK, Julie",F000482,1968.0,,0.601,0.124,-24.23095,0.95204,493,11,,0.6,0.122
119,House,22561,95,0,MP,200,,,"KING-HINDS, Kimberlyn",K000404,1975.0,,0.159,-0.182,-12.48021,0.72006,38,7,,0.161,-0.193
119,House,15029,24,9,OH,100,,,"KAPTUR, Marcia Carolyn (Marcy)",K000009,1946.0,,-0.341,0.138,-117.85749,0.7866,491,43,,-0.181,0.105
119,House,20342,24,10,OH,200,,,"TURNER, Michael R.",T000463,1960.0,,0.265,0.259,-42.11568,0.9178,491,16,,0.223,0.438
119,House,20738,24,4,OH,200,,,"JORDAN, Jim",J000289,1964.0,,0.711,-0.171,-36.55597,0.92825,491,17,,0.668,-0.027
119,House,20755,24,5,OH,200,,,"LATTA, Robert E.",L000566,1956.0,,0.508,0.288,-15.67584,0.96944,505,4,,0.467,0.364
119,House,21352,24,3,OH,100,,,"BEATTY, Joyce",B001281,1950.0,,-0.44,0.026,-20.80715,0.95687,472,7,,-0.581,0.461
119,House,21353,24,14,OH,200,,,"JOYCE, David",J000295,1957.0,,0.25,0.311,-33.2467,0.93414,488,15,,0.236,0.239
119,House,21564,24,8,OH,200,,,"DAVIDSON, Warren",D000626,1970.0,,0.648,-0.38,-81.63138,0.84769,494,34,,0.557,-0.557
119,House,21759,24,12,OH,200,,,"BALDERSON, Troy",B001306,1962.0,,0.463,0.2,-19.67612,0.96118,497,7,,0.596,0.425
119,House,22161,24,11,OH,100,,,"BROWN, Shontel M.",B001313,1975.0,,-0.475,-0.081,-14.10353,0.97246,505,6,,-0.565,0.076
119,House,22162,24,15,OH,200,,,"CAREY, Mike",C001126,1971.0,,0.404,0.019,-27.78567,0.94573,498,8,,0.335,0.265
119,House,22338,24,1,OH,100,,,"LANDSMAN, Greg",L000601,1976.0,,-0.227,0.245,-49.21942,0.90678,503,22,,-0.254,0.339
119,House,22349,24,7,OH,200,,,"MILLER, Max",M001222,1988.0,,0.367,-0.018,-49.16751,0.90264,480,23,,0.338,-0.102
119,House,22367,24,13,OH,100,,,"SYKES, Emilia",S001223,1986.0,,-0.332,0.177,-34.44191,0.93186,488,17,,-0.345,0.269
119,House,22379,24,6,OH,200,,,"RULLI, Michael A.",R000619,1969.0,,0.42,-0.061,-38.08275,0.92311,476,16,,0.433,-0.06
119,House,22555,24,2,OH,200,,,"TAYLOR, David J.",T000490,1969.0,,0.691,0.723,-20.165,0.96086,505,10,,0.691,0.723
119,House,20344,53,4,OK,200,,,"COLE, Tom",C001053,1949.0,,0.323,0.413,-13.96116,0.97235,498,6,,0.338,0.439
119,House,21760,53,1,OK,200,,,"HERN, Kevin",H001082,1961.0,,0.679,-0.047,-29.99092,0.9411,494,11,,0.626,-0.027
119,House,22102,53,5,OK,200,,,"BICE, Stephanie I.",B000740,1973.0,,0.412,0.316,-23.52468,0.95395,499,8,,0.416,0.233
119,House,22303,53,2,OK,200,,,"BRECHEEN, Josh",B001317,1979.0,,0.84,-0.502,-34.30038,0.93048,476,17,,0.805,-0.565
119,House,29393,53,3,OK,200,,,"LUCAS, Frank D.",L000491,1960.0,,0.361,0.454,-7.8287,0.98431,495,3,,0.428,0.849
119,House,21198,72,1,OR,100,,,"BONAMICI, Suzanne",B001278,1954.0,,-0.4,-0.421,-11.0495,0.97801,497,3,,-0.5,-0.403
119,House,22101,72,2,OR,200,,,"BENTZ, Cliff",B000668,1952.0,,0.475,0.275,-13.60859,0.97336,504,3,,0.4,0.594
119,House,22327,72,4,OR,100,,,"HOYLE, Val",H001094,1964.0,,-0.232,-0.416,-40.32335,0.92162,494,16,,-0.237,-0.559
119,House,22361,72,6,OR,100,,,"SALINAS, Andrea",S001226,1969.0,,-0.226,-0.223,-29.28585,0.94355,504,12,,-0.27,-0.313
119,House,22507,72,5,OR,100,,,"BYNUM, Janelle S.",B001326,1975.0,,-0.291,0.123,-29.28829,0.94311,500,7,,-0.291,0.128
119,House,22510,72,3,OR,100,,,"DEXTER, Maxine",D000635,1972.0,,-0.456,-0.728,-9.41887,0.98138,501,1,,-0.456,-0.728
119,House,20946,14,15,PA,200,,,"THOMPSON, Glenn",T000467,1959.0,,0.335,0.341,-11.54149,0.97709,498,5,,0.326,0.695
119,House,21167,14,16,PA,200,,,"KELLY, Mike",K000376,1948.0,,0.379,0.396,-15.81463,0.96862,496,7,,0.49,0.683
119,House,21356,14,10,PA,200,,,"PERRY, Scott",P000605,1962.0,,0.685,-0.495,-57.97113,0.89032,499,30,,0.796,-0.572
119,House,21548,14,2,PA,100,,,"BOYLE, Brendan Francis",B001296,1977.0,,-0.38,0.149,-31.46297,0.93719,485,12,,-0.323,0.047
119,House,21566,14,3,PA,100,,,"EVANS, Dwight",E000296,1954.0,,-0.472,-0.165,-13.82943,0.9707,465,4,,-0.547,-0.228
119,House,21718,14,1,PA,200,,,"FITZPATRICK, Brian K.",F000466,1973.0,,0.141,-0.117,-105.86071,0.80885,499,44,,0.169,-0.255
119,House,21745,14,11,PA,200,,,"SMUCKER, Lloyd K.",S001199,1964.0,,0.455,0.128,-21.76139,0.95647,489,10,,0.489,0.098
119,House,21762,14,5,PA,100,,,"SCANLON, Mary Gay",S001205,1959.0,,-0.46,-0.208,-14.99825,0.97027,497,8,,-0.569,-0.124
119,House,21915,14,4,PA,100,,,"DEAN, Madeleine",D000631,1959.0,,-0.446,-0.055,-13.14905,0.97394,498,4,,-0.462,0.059
119,House,21934,14,6,PA,100,,,"HOULAHAN, Christina",H001085,1967.0,,-0.258,0.216,-41.36306,0.91921,491,16,,-0.244,0.084
119,House,21936,14,13,PA,200,,,"JOYCE, John",J000302,1957.0,,0.582,-0.039,-42.3497,0.91941,504,19,,0.692,-0.04
119,House,21945,14,9,PA,200,,,"MEUSER, Dan",M001204,1964.0,,0.492,0.202,-28.87792,0.94137,478,11,,0.597,0.802
119,House,21956,14,14,PA,200,,,"RESCHENTHALER, Guy",R000610,1983.0,,0.447,0.063,-16.78512,0.96653,493,9,,0.562,0.329
119,House,22316,14,17,PA,100,,,"DELUZIO, Chris",D000530,1984.0,,-0.261,-0.153,-35.87379,0.93143,505,14,,-0.301,-0.18
119,House,22342,14,12,PA,100,,,"LEE, Summer",L000602,1987.0,,-0.45,-0.893,-14.5824,0.97154,505,4,,-0.584,-0.81
119,House,22506,14,8,PA,200,,,"BRESNAHAN, Robert P., Jr.",B001327,1990.0,,0.256,0.024,-43.27929,0.9174,502,20,,0.256,0.019
119,House,22533,14,7,PA,200,,,"MACKENZIE, Ryan",M001230,1982.0,,0.318,-0.145,-63.49868,0.8814,503,25,,0.317,-0.148
119,House,22560,92,0,PR,100,,,"HERNÁNDEZ, Pablo José",H001103,1991.0,,-0.525,-0.16,-0.28225,0.99426,49,0,,-0.525,-0.16
119,House,22345,5,2,RI,100,,,"MAGAZINER, Seth",M001223,1983.0,,-0.305,0.111,-36.1818,0.9291,492,16,,-0.247,-0.094
119,House,22375,5,1,RI,100,,,"AMO, Gabe",A000380,1987.0,,-0.427,-0.049,-20.95197,0.95936,505,10,,-0.36,-0.144
119,House,20138,48,2,SC,200,,,"WILSON, Joe",W000795,1947.0,,0.529,0.16,-36.92286,0.92551,477,11,,0.477,0.07
119,House,21753,48,5,SC,200,,,"NORMAN, Ralph",N000190,1953.0,,0.855,-0.378,-25.15118,0.94493,444,12,,0.951,-0.309
119,House,21974,48,4,SC,200,,,"TIMMONS, William",T000480,1984.0,,0.599,0.045,-30.458,0.94067,498,15,,0.596,-0.042
119,House,22132,48,1,SC,200,,,"MACE, Nancy",M000194,1977.0,,0.35,-0.294,-59.90379,0.86853,425,27,,0.474,-0.342
119,House,22322,48,7,SC,200,,,"FRY, Russell",F000478,1985.0,,0.549,-0.269,-45.79978,0.9128,502,23,,0.646,-0.226
119,House,22505,48,3,SC,200,,,"BIGGS, Sheri",B001325,1970.0,,0.818,-0.286,-32.82044,0.93708,505,12,,0.817,-0.288
119,House,39301,48,6,SC,100,,,"CLYBURN, James Enos",C000537,1940.0,,-0.466,0.248,-25.91262,0.9493,498,8,,-0.504,0.409
119,House,21935,37,1,SD,200,,,"JOHNSON, Dustin (Dusty)",J000301,1976.0,,0.468,0.141,-21.80451,0.95586,483,10,,0.58,0.372
119,House,20748,54,9,TN,100,,,"COHEN, Stephen",C001068,1949.0,,-0.388,-0.29,-26.99853,0.94519,479,11,,-0.316,-0.259
119,House,21178,54,3,TN,200,,,"FLEISCHMANN, Chuck",F000459,1962.0,,0.432,0.396,-10.97129,0.97847,504,5,,0.432,0.587
119,House,21179,54,4,TN,200,,,"DESJARLAIS, Scott",D000616,1964.0,,0.578,-0.04,-24.77584,0.9503,486,9,,0.564,0.105
119,House,21731,54,8,TN,200,,,"KUSTOFF, David",K000392,1966.0,,0.542,0.341,-19.19079,0.96249,502,7,,0.52,0.265
119,House,21905,54,2,TN,200,,,"BURCHETT, Timothy",B001309,1964.0,,0.664,-0.451,-58.96587,0.88684,491,25,,0.661,-0.613
119,House,21926,54,7,TN,200,,,"GREEN, Mark E.",G000590,1964.0,,0.671,0.018,-7.42224,0.9465,135,4,,0.846,0.355
119,House,21959,54,6,TN,200,,,"ROSE, John",R000612,1965.0,,0.656,0.093,-46.6354,0.90796,483,11,,0.497,-0.111
119,House,22122,54,1,TN,200,,,"HARSHBARGER, Diana",H001086,1960.0,,0.677,-0.125,-47.52846,0.90932,500,17,,0.708,-0.263
119,House,22357,54,5,TN,200,,,"OGLES, Andy",O000175,1971.0,,0.75,-0.393,-34.16836,0.92945,467,15,,0.68,-0.43
119,House,22566,54,7,TN,200,,,"VAN EPPS, MATT",V000139,,,0.657,0.693,-3.8318,0.98473,249,2,,0.657,0.692
119,House,20356,49,31,TX,200,,,"CARTER, John R.",C001051,1941.0,,0.487,0.547,-22.95722,0.95486,497,13,,0.513,0.327
119,House,20529,49,9,TX,100,,,"GREEN, Al",G000553,1947.0,,-0.448,0.257,-33.08034,0.93573,498,10,,-0.517,-0.36
119,House,20530,49,10,TX,200,,,"MCCAUL, Michael T.",M001157,1962.0,,0.41,0.178,-24.06322,0.94759,447,9,,0.316,0.455
119,House,20533,49,28,TX,100,,,"CUELLAR, Henry",C001063,1955.0,,-0.225,0.653,-107.82295,0.80532,498,53,,-0.187,0.924
119,House,21360,49,14,TX,200,,,"WEBER, Randy",W000814,1953.0,,0.72,0.033,-29.42384,0.94206,493,15,,0.614,0.038
119,House,21362,49,20,TX,100,,,"CASTRO, Joaquin",C001091,1974.0,,-0.402,-0.142,-22.26616,0.9554,488,9,,-0.426,-0.57
119,House,21364,49,25,TX,200,,,"WILLIAMS, Roger",W000816,1949.0,,0.593,0.065,-25.80128,0.9483,486,11,,0.526,0.159
119,House,21365,49,33,TX,100,,,"VEASEY, Marc",V000131,1971.0,,-0.409,0.375,-58.8152,0.88776,494,24,,-0.512,0.859
119,House,21551,49,36,TX,200,,,"BABIN, Brian",B001291,1948.0,,0.708,0.128,-29.51049,0.94235,497,16,,0.65,0.256
119,House,21700,49,19,TX,200,,,"ARRINGTON, Jodey Cook",A000375,1972.0,,0.645,-0.008,-42.80472,0.91602,488,18,,0.692,0.011
119,House,21722,49,34,TX,100,,,"GONZALEZ, Vicente, Jr.",G000581,1967.0,,-0.387,0.915,-110.17256,0.79529,481,61,,-0.289,0.957
119,House,21758,49,27,TX,200,,,"CLOUD, Michael",C001115,1975.0,,0.691,-0.377,-53.27977,0.89892,500,23,,0.796,-0.421
119,House,21911,49,2,TX,200,,,"CRENSHAW, Daniel",C001120,1984.0,,0.437,0.27,-14.53715,0.96876,458,7,,0.547,0.294
119,House,21917,49,16,TX,100,,,"ESCOBAR, Veronica",E000299,1969.0,,-0.472,-0.281,-19.65183,0.96138,499,9,,-0.416,-0.415
119,House,21919,49,7,TX,100,,,"FLETCHER, Elizabeth",F000468,1975.0,,-0.542,0.84,-95.9749,0.82535,500,32,,-0.832,0.554
119,House,21922,49,29,TX,100,,,"GARCIA, Sylvia",G000587,1950.0,,-0.767,0.314,-17.75888,0.96345,477,5,,-0.687,0.274
119,House,21925,49,5,TX,200,,,"GOODEN, Lance",G000589,1982.0,,0.716,-0.046,-52.77768,0.9002,502,20,,0.605,-0.054
119,House,21961,49,21,TX,200,,,"ROY, Charles",R000614,1972.0,,0.8,-0.6,-36.2462,0.92668,476,16,,0.8,-0.6
119,House,22112,49,4,TX,200,,,"FALLON, Pat",F000246,1967.0,,0.716,0.132,-29.80171,0.94191,498,11,,0.735,0.234
119,House,22119,49,23,TX,200,,,"GONZALES, Tony",G000594,1980.0,,0.35,0.23,-18.80989,0.95004,367,9,,0.585,0.49
119,House,22125,49,13,TX,200,,,"JACKSON, Ronny",J000304,1967.0,,0.789,0.164,-35.25207,0.93072,491,16,,0.921,0.39
119,House,22143,49,22,TX,200,,,"NEHLS, Troy E.",N000026,1968.0,,0.609,-0.233,-25.95892,0.94638,471,8,,0.584,-0.195
119,House,22147,49,11,TX,200,,,"PFLUGER, August",P000048,1977.0,,0.633,0.373,-18.84501,0.96316,502,6,,0.571,0.333
119,House,22155,49,24,TX,200,,,"VAN DUYNE, Beth",V000134,1970.0,,0.605,-0.006,-31.71353,0.93854,500,16,,0.625,-0.05
119,House,22160,49,6,TX,200,,,"ELLZEY, Jake",E000071,1970.0,,0.512,0.712,-8.5567,0.98303,500,3,,0.402,0.916
119,House,22307,49,35,TX,100,,,"CASAR, Greg",C001131,1989.0,,-0.426,-0.865,-8.82235,0.97969,430,2,,-0.548,-0.773
119,House,22312,49,30,TX,100,,,"CROCKETT, Jasmine",C001130,1981.0,,-0.496,-0.215,-10.38029,0.97829,473,2,,-0.482,-0.25
119,House,22315,49,15,TX,200,,,"DE LA CRUZ, Monica",D000594,1974.0,,0.472,0.129,-26.05203,0.94663,475,13,,0.516,0.073
119,House,22328,49,38,TX,200,,,"HUNT, Wesley",H001095,1981.0,,0.604,-0.264,-19.1422,0.95137,384,3,,0.625,-0.22
119,House,22344,49,8,TX,200,,,"LUTTRELL, Morgan",L000603,1975.0,,0.589,-0.077,-40.10416,0.92263,498,16,,0.555,-0.197
119,House,22352,49,1,TX,200,,,"MORAN, Nathaniel",M001224,1974.0,,0.585,0.563,-17.591,0.96509,495,10,,0.651,0.491
119,House,22364,49,3,TX,200,,,"SELF, Keith",S001224,1953.0,,0.814,-0.332,-78.52594,0.85358,496,35,,0.777,-0.577
119,House,22517,49,26,TX,200,,,"GILL, Brandon",G000603,1994.0,,0.774,-0.259,-41.90082,0.91915,497,21,,0.773,-0.261
119,House,22519,49,12,TX,200,,,"GOLDMAN, Craig A.",G000601,1968.0,,0.803,0.504,-22.85425,0.95549,502,10,,0.803,0.503
119,House,22528,49,32,TX,100,,,"JOHNSON, Julie",J000310,1966.0,,-0.408,0.406,-35.44553,0.93022,490,15,,-0.409,0.412
119,House,22557,49,18,TX,100,,,"TURNER, Sylvester",T000489,1954.0,2025.0,-0.746,0.666,-2.80447,0.93062,39,1,,-0.937,0.348
119,House,22567,49,18,TX,100,,,"MENEFEE, Christian D.",M001245,1988.0,,-0.58,-0.291,-4.57114,0.96999,150,2,,-0.58,-0.291
119,House,29571,49,37,TX,100,,,"DOGGETT, Lloyd Alton, II",D000399,1946.0,,-0.403,-0.333,-15.79731,0.96827,490,7,,-0.403,-0.492
119,House,29759,49,17,TX,200,,,"SESSIONS, Pete",S000250,1955.0,,0.584,0.173,-25.80969,0.95008,504,8,,0.512,0.167
119,House,22141,67,1,UT,200,,,"MOORE, Blake D.",M001213,1980.0,,0.371,0.325,-21.70951,0.95776,503,9,,0.454,0.312
119,House,22146,67,4,UT,200,,,"OWENS, Burgess",O000086,1951.0,,0.453,0.167,-22.97955,0.9549,498,10,,0.459,0.186
119,House,22376,67,2,UT,200,,,"MALOY, Celeste",M001228,1981.0,,0.416,0.091,-30.83319,0.94043,502,11,,0.399,0.132
119,House,22529,67,3,UT,200,,,"KENNEDY, Mike",K000403,1969.0,,0.636,-0.286,-49.24253,0.90549,496,21,,0.635,-0.288
119,House,22301,6,1,VT,100,,,"BALINT, Becca",B001318,1968.0,,-0.441,-0.486,-11.04623,0.97824,502,4,,-0.415,-0.526
119,House,21994,96,0,VI,100,,,"PLASKETT, Stacey E.",P000610,1966.0,,-0.473,0.565,-3.70902,0.90701,38,1,,-0.766,0.643
119,House,20756,40,1,VA,200,,,"WITTMAN, Robert J.",W000804,1959.0,,0.447,0.028,-28.35,0.94412,493,11,,0.417,0.196
119,House,20952,40,11,VA,100,,,"CONNOLLY, Gerald E. (Gerry)",C001078,1950.0,2025.0,-0.309,-0.047,-4.55046,0.93875,72,1,,-0.313,-0.72
119,House,21191,40,9,VA,200,,,"GRIFFITH, H. Morgan",G000568,1958.0,,0.51,-0.33,-55.33847,0.89562,502,28,,0.453,-0.14
119,House,21554,40,8,VA,100,,,"BEYER, Donald Sternoff Jr.",B001292,1950.0,,-0.394,-0.113,-19.44555,0.96125,492,9,,-0.413,-0.298
119,House,21908,40,6,VA,200,,,"CLINE, Benjamin",C001118,1972.0,,0.714,-0.201,-30.05733,0.94188,502,11,,0.699,-0.191
119,House,22335,40,2,VA,200,,,"KIGGANS, Jennifer",K000399,1971.0,,0.263,0.475,-21.50056,0.95791,500,8,,0.27,0.609
119,House,22374,40,4,VA,100,,,"MCCLELLAN, Jennifer",M001227,1972.0,,-0.556,0.077,-11.23056,0.97788,502,4,,-0.559,0.156
119,House,22539,40,5,VA,200,,,"MCGUIRE, John J., III",M001239,1968.0,,0.741,-0.089,-47.76288,0.90907,501,18,,0.74,-0.091
119,House,22554,40,10,VA,100,,,"SUBRAMANYAM, Suhas",S001230,1986.0,,-0.237,-0.277,-31.53891,0.93887,500,16,,-0.237,-0.276
119,House,22558,40,7,VA,100,,,"VINDMAN, Eugene Simon",V000138,1975.0,,-0.173,0.141,-52.73562,0.8999,500,19,,-0.173,0.146
119,House,22564,40,11,VA,100,,,"WALKINSHAW, James R.",W000831,,,-0.41,0.172,-10.93058,0.9648,305,6,,-0.41,0.178
119,House,39307,40,3,VA,100,,,"SCOTT, Robert C.",S000185,1947.0,,-0.451,-0.004,-13.33285,0.97389,504,5,,-0.527,0.003
119,House,20145,73,2,WA,100,,,"LARSEN, Richard Ray (Rick)",L000560,1965.0,,-0.365,0.165,-31.89507,0.93661,487,11,,-0.366,0.151
119,House,21556,73,4,WA,200,,,"NEWHOUSE, Daniel Milton",N000189,1955.0,,0.317,0.337,-18.36829,0.96364,496,8,,0.287,0.578
119,House,21726,73,7,WA,100,,,"JAYAPAL, Pramila",J000298,1965.0,,-0.609,-0.58,-19.58391,0.95893,467,9,,-0.428,-0.881
119,House,21962,73,8,WA,100,,,"SCHRIER, Kim",S001216,1968.0,,-0.277,0.373,-49.78544,0.90505,499,21,,-0.233,0.153
119,House,22153,73,10,WA,100,,,"STRICKLAND, Marilyn",S001159,1962.0,,-0.442,0.355,-22.33513,0.95579,494,10,,-0.41,0.232
119,House,22358,73,3,WA,100,,,"PEREZ, Marie Gluesenkamp",G000600,1988.0,,-0.101,0.395,-109.09404,0.80362,499,31,,-0.167,0.684
119,House,22502,73,5,WA,200,,,"BAUMGARTNER, Michael",B001322,1975.0,,0.57,0.343,-18.96369,0.96226,493,6,,0.57,0.342
119,House,22548,73,6,WA,100,,,"RANDALL, Emily",R000621,1985.0,,-0.576,-0.308,-12.97236,0.97382,489,5,,-0.576,-0.308
119,House,29768,73,9,WA,100,,,"SMITH, Adam",S000510,1965.0,,-0.291,-0.166,-24.97768,0.9505,492,9,,-0.373,-0.078
119,House,31101,73,1,WA,100,,,"DELBENE, Suzan K.",D000617,1962.0,,-0.296,-0.194,-20.18601,0.9602,497,9,,-0.401,0.104
119,House,21946,56,1,WV,200,,,"MILLER, Carol",M001205,1950.0,,0.529,0.106,-28.58518,0.94265,484,10,,0.656,0.229
119,House,22543,56,2,WV,200,,,"MOORE, Riley M.",M001235,1980.0,,0.531,-0.246,-73.70812,0.86165,495,33,,0.53,-0.248
119,House,20537,25,4,WI,100,,,"MOORE, Gwendolynne S. (Gwen)",M001160,1951.0,,-0.52,-0.272,-20.46298,0.95934,493,10,,-0.432,-0.358
119,House,21370,25,2,WI,100,,,"POCAN, Mark",P000607,1964.0,,-0.521,-0.553,-14.74427,0.97088,499,7,,-0.458,-0.528
119,House,21559,25,6,WI,200,,,"GROTHMAN, Glenn",G000576,1955.0,,0.601,-0.2,-50.9668,0.90235,496,23,,0.673,-0.073
119,House,21970,25,1,WI,200,,,"STEIL, Bryan",S001213,1981.0,,0.421,0.073,-19.54956,0.96173,501,8,,0.58,0.471
119,House,21989,25,7,WI,200,,,"TIFFANY, Thomas P.",T000165,1957.0,,0.643,-0.248,-38.82847,0.92214,479,16,,0.657,-0.262
119,House,22115,25,5,WI,200,,,"FITZGERALD, Scott",F000471,1963.0,,0.602,0.093,-21.94732,0.95714,501,9,,0.631,0.173
119,House,22370,25,3,WI,200,,,"VAN ORDEN, Derrick",V000135,1969.0,,0.377,-0.043,-51.29019,0.89406,458,20,,0.402,-0.138
119,House,22383,25,8,WI,200,,,"WIED, Tony",W000829,1976.0,,0.538,-0.201,-31.10816,0.93968,500,14,,0.586,-0.135
119,House,22325,68,1,WY,200,,,"HAGEMAN, Harriet",H001096,1962.0,,0.644,-0.349,-50.09828,0.90538,504,21,,0.625,-0.29
119,Senate,42102,41,0,AL,200,,,"TUBERVILLE, Thomas Hawley (Tommy)",T000278,1954.0,,0.936,-0.352,-29.26382,0.96373,792,8,,0.936,-0.352
119,Senate,42300,41,0,AL,200,,,"BRITT, Katie Elizabeth",B001319,1982.0,,0.587,0.582,-8.90858,0.98932,830,4,,0.677,0.55
119,Senate,40300,81,0,AK,200,,,"MURKOWSKI, Lisa",M001153,1957.0,,0.203,-0.305,-117.15752,0.86656,818,49,,0.174,-0.221
119,Senate,41500,81,0,AK,200,,,"SULLIVAN, Daniel Scott",S001198,1964.0,,0.463,0.188,-106.67906,0.87884,826,32,,0.291,0.25
119,Senate,21502,61,0,AZ,100,,,"GALLEGO, Ruben",G000574,1979.0,,-0.356,0.137,-96.59231,0.87748,739,48,,-0.304,0.249
119,Senate,41905,61,0,AZ,100,,,"KELLY, Mark Edward",K000377,1964.0,,-0.269,0.292,-85.52755,0.89837,798,44,,-0.297,0.289
119,Senate,20101,42,0,AR,200,,,"BOOZMAN, John",B001236,1950.0,,0.426,0.34,-9.76148,0.98836,834,4,,0.398,0.318
119,Senate,21301,42,0,AR,200,,,"COTTON, Thomas Bryant (Tom)",C001095,1977.0,,0.578,0.201,-10.51465,0.98746,833,3,,0.521,0.312
119,Senate,20104,71,0,CA,100,,,"SCHIFF, Adam",S001150,1960.0,,-0.352,-0.118,-93.0617,0.89321,824,55,,-0.378,-0.052
119,Senate,42104,71,0,CA,100,,,"PADILLA, Alejandro (Alex)",P000145,1973.0,,-0.444,-0.24,-55.06804,0.93482,817,33,,-0.554,-0.075
119,Senate,40910,62,0,CO,100,,,"BENNET, Michael F.",B001267,1964.0,,-0.245,-0.188,-89.0501,0.88998,764,40,,-0.307,-0.247
119,Senate,42101,62,0,CO,100,,,"HICKENLOOPER, John Wright",H000273,1952.0,,-0.299,-0.0,-87.75783,0.90046,837,35,,-0.319,0.011
119,Senate,20707,1,0,CT,100,,,"MURPHY, Christopher",M001169,1973.0,,-0.289,-0.259,-112.85053,0.87215,825,48,,-0.548,-0.593
119,Senate,41101,1,0,CT,100,,,"BLUMENTHAL, Richard",B001277,1946.0,,-0.433,-0.155,-46.06323,0.94639,836,21,,-0.42,-0.169
119,Senate,21706,11,0,DE,100,,,"BLUNT ROCHESTER, Lisa",B001303,1962.0,,-0.389,-0.115,-44.68522,0.94819,840,13,,-0.45,-0.186
119,Senate,40916,11,0,DE,100,,,"COONS, Christopher A.",C001088,1963.0,,-0.24,-0.208,-85.61725,0.89875,802,29,,-0.261,-0.175
119,Senate,41102,43,0,FL,200,,,"RUBIO, Marco",R000595,1971.0,,0.616,-0.184,-0.00062,0.99991,7,0,,0.569,0.415
119,Senate,41903,43,0,FL,200,,,"SCOTT, Richard Lynn (Rick)",S001217,1952.0,,0.735,-0.088,-35.95316,0.9583,844,18,,0.933,-0.166
119,Senate,42506,43,0,FL,200,,,"MOODY, Ashley Brooke",M001244,1975.0,,0.609,0.065,-24.94722,0.97036,829,9,,0.609,0.065
119,Senate,42103,44,0,GA,100,,,"OSSOFF, Thomas Jonathan (Jon)",O000174,1987.0,,-0.463,0.473,-49.68033,0.9395,796,20,,-0.529,0.705
119,Senate,42105,44,0,GA,100,,,"WARNOCK, Raphael Gamaliel",W000790,1969.0,,-0.436,0.423,-66.49956,0.92229,822,31,,-0.475,0.608
119,Senate,20713,82,0,HI,100,,,"HIRONO, Mazie",H001042,1947.0,,-0.512,-0.086,-45.51309,0.94744,843,16,,-0.5,-0.059
119,Senate,41112,82,0,HI,100,,,"SCHATZ, Brian Emanuel",S001194,1972.0,,-0.445,-0.134,-62.69147,0.92775,836,26,,-0.444,-0.355
119,Senate,29345,63,0,ID,200,,,"CRAPO, Michael Dean",C000880,1951.0,,0.505,0.291,-10.03766,0.98805,835,2,,0.563,0.254
119,Senate,40902,63,0,ID,200,,,"RISCH, James",R000584,1943.0,,0.551,0.382,-10.14703,0.98775,823,5,,0.644,0.26
119,Senate,15021,21,0,IL,100,,,"DURBIN, Richard Joseph",D000563,1944.0,,-0.339,-0.313,-119.16881,0.86504,822,56,,-0.259,-0.407
119,Senate,21325,21,0,IL,100,,,"DUCKWORTH, Tammy",D000622,1968.0,,-0.346,0.057,-73.18975,0.91109,786,42,,-0.404,-0.172
119,Senate,21133,22,0,IN,200,,,"YOUNG, Todd",Y000064,1972.0,,0.444,-0.042,-33.94911,0.9603,838,11,,0.546,-0.14
119,Senate,21702,22,0,IN,200,,,"BANKS, James E.",B001299,1979.0,,0.649,0.021,-11.5393,0.98628,835,4,,0.685,0.191
119,Senate,14226,31,0,IA,200,,,"GRASSLEY, Charles Ernest",G000386,1933.0,,0.362,-0.034,-24.48125,0.97069,823,9,,0.459,0.16
119,Senate,41502,31,0,IA,200,,,"ERNST, Joni",E000295,1970.0,,0.536,-0.027,-17.01772,0.97963,827,6,,0.555,0.099
119,Senate,21734,32,0,KS,200,,,"MARSHALL, Roger Wayne",M001198,1960.0,,0.606,0.142,-12.12929,0.98566,840,7,,0.588,0.164
119,Senate,29722,32,0,KS,200,,,"MORAN, Jerry",M000934,1954.0,,0.413,0.222,-27.60039,0.966,798,12,,0.378,0.233
119,Senate,14921,51,0,KY,200,,,"MCCONNELL, Addison Mitchell (Mitch)",M000355,1942.0,,0.402,0.017,-59.80518,0.92355,752,20,,0.328,-0.05
119,Senate,41104,51,0,KY,200,,,"PAUL, Rand",P000603,1963.0,,0.878,-0.479,-254.70463,0.72877,805,107,,0.812,-0.584
119,Senate,20919,45,0,LA,200,,,"CASSIDY, Bill",C001075,1957.0,,0.462,-0.054,-48.50111,0.9411,799,19,,0.409,-0.137
119,Senate,41703,45,0,LA,200,,,"KENNEDY, John Neely",K000393,1951.0,,0.558,-0.141,-27.47933,0.96747,831,11,,0.63,-0.054
119,Senate,41300,2,0,ME,328,,,"KING, Angus Stanley, Jr.",K000383,1944.0,,-0.169,-0.183,-126.18766,0.85943,833,50,,-0.178,-0.173
119,Senate,49703,2,0,ME,200,,,"COLLINS, Susan Margaret",C001035,1952.0,,0.124,-0.507,-125.72099,0.86191,846,66,,0.171,-0.431
119,Senate,20330,52,0,MD,100,,,"VAN HOLLEN, Christopher",V000128,1959.0,,-0.399,-0.228,-46.523,0.94568,833,17,,-0.489,-0.506
119,Senate,42500,52,0,MD,100,,,"ALSOBROOKS, Angela Deneece",A000382,1971.0,,-0.448,0.056,-56.76725,0.93405,832,24,,-0.448,0.056
119,Senate,14435,3,0,MA,100,,,"MARKEY, Edward John",M000133,1946.0,,-0.517,-0.47,-17.69714,0.97915,840,2,,-0.716,-0.556
119,Senate,41301,3,0,MA,100,,,"WARREN, Elizabeth",W000817,1949.0,,-0.742,-0.367,-13.94584,0.98338,832,5,,-0.682,-0.558
119,Senate,20923,23,0,MI,100,,,"PETERS, Gary C.",P000595,1958.0,,-0.252,-0.178,-95.38591,0.89119,828,45,,-0.284,-0.152
119,Senate,21965,23,0,MI,100,,,"SLOTKIN, Elissa",S001208,1976.0,,-0.372,0.775,-78.75222,0.90864,822,31,,-0.378,0.582
119,Senate,40700,33,0,MN,100,,,"KLOBUCHAR, Amy",K000367,1960.0,,-0.278,-0.327,-86.26391,0.90196,836,50,,-0.262,-0.253
119,Senate,41706,33,0,MN,100,,,"SMITH, Tina",S001203,1958.0,,-0.411,-0.118,-44.39972,0.9464,806,16,,-0.477,-0.316
119,Senate,29534,46,0,MS,200,,,"WICKER, Roger F.",W000437,1951.0,,0.378,0.338,-17.21213,0.9791,815,3,,0.415,0.189
119,Senate,41707,46,0,MS,200,,,"HYDE-SMITH, Cindy",H001079,1959.0,,0.451,0.331,-10.36476,0.98759,830,4,,0.45,0.368
119,Senate,41901,34,0,MO,200,,,"HAWLEY, Joshua David",H001089,1979.0,,0.82,-0.344,-114.01354,0.86855,809,44,,0.523,-0.527
119,Senate,42303,34,0,MO,200,,,"SCHMITT, Eric Stephen",S001227,1975.0,,0.888,0.134,-15.1062,0.98209,836,3,,0.732,0.289
119,Senate,21338,64,0,MT,200,,,"DAINES, Steve",D000618,1962.0,,0.588,-0.018,-15.08006,0.9818,821,4,,0.62,0.439
119,Senate,42503,64,0,MT,200,,,"SHEEHY, Timothy Patrick",S001232,1985.0,,0.648,0.762,-8.05277,0.99026,823,2,,0.648,0.762
119,Senate,41302,35,0,NE,200,,,"FISCHER, Debra (Deb)",F000463,1951.0,,0.461,0.333,-12.14696,0.98561,838,3,,0.439,0.374
119,Senate,42302,35,0,NE,200,,,"RICKETTS, John Peter (Pete)",R000618,1964.0,,0.445,0.491,-9.05073,0.98927,839,2,,0.474,0.312
119,Senate,21743,65,0,NV,100,,,"ROSEN, Jacklyn Sheryl",R000608,1957.0,,-0.285,0.311,-85.05942,0.90304,834,43,,-0.283,0.32
119,Senate,41700,65,0,NV,100,,,"CORTEZ MASTO, Catherine Marie",C001113,1964.0,,-0.346,0.345,-112.98072,0.87259,829,54,,-0.337,0.485
119,Senate,40906,4,0,NH,100,,,"SHAHEEN, Jeanne",S001181,1947.0,,-0.217,-0.155,-135.92706,0.84586,812,63,,-0.161,-0.191
119,Senate,41702,4,0,NH,100,,,"HASSAN, Margaret Wood (Maggie)",H001076,1958.0,,-0.223,0.01,-95.9902,0.89103,832,40,,-0.2,-0.005
119,Senate,21937,12,0,NJ,100,,,"KIM, Andy",K000394,1982.0,,-0.413,0.24,-81.65986,0.90715,838,48,,-0.439,0.168
119,Senate,41308,12,0,NJ,100,,,"BOOKER, Cory Anthony",B001288,1969.0,,-0.559,-0.249,-77.76011,0.90748,801,31,,-0.496,-0.1
119,Senate,20930,66,0,NM,100,,,"HEINRICH, Martin",H001046,1971.0,,-0.333,0.001,-91.33609,0.89361,812,44,,-0.347,0.169
119,Senate,20932,66,0,NM,100,,,"LUJÁN, Ben Ray",L000570,1972.0,,-0.381,0.033,-58.27889,0.93251,834,21,,-0.507,0.33
119,Senate,14858,13,0,NY,100,,,"SCHUMER, Charles Ellis (Chuck)",S000148,1950.0,,-0.355,-0.411,-51.16204,0.94105,842,20,,-0.408,-0.231
119,Senate,20735,13,0,NY,100,,,"GILLIBRAND, Kirsten",G000555,1966.0,,-0.446,-0.307,-111.00206,0.87482,830,56,,-0.363,0.031
119,Senate,21708,47,0,NC,200,,,"BUDD, Theodore Paul",B001305,1971.0,,0.634,-0.079,-23.90348,0.97137,823,10,,0.701,-0.115
119,Senate,41504,47,0,NC,200,,,"TILLIS, Thomas Roland (Thom)",T000476,1960.0,,0.387,-0.117,-60.17283,0.92251,746,26,,0.361,-0.182
119,Senate,21350,36,0,ND,200,,,"CRAMER, Kevin",C001096,1961.0,,0.401,0.365,-14.14383,0.98284,817,5,,0.49,0.392
119,Senate,41107,36,0,ND,200,,,"HOEVEN, John",H001061,1957.0,,0.403,0.447,-13.7747,0.98368,837,4,,0.512,0.496
119,Senate,42304,24,0,OH,200,,,"VANCE, James David",V000137,1984.0,,0.85,-0.527,-0.0,1.0,1,0,,0.0,0.0
119,Senate,42502,24,0,OH,200,,,"MORENO, Bernardo (Bernie)",M001242,1967.0,,0.736,0.334,-7.21397,0.99146,841,2,,0.736,0.334
119,Senate,42505,24,0,OH,200,,,"HUSTED, Jon Allen",H001104,1967.0,,0.587,0.809,-22.53277,0.9735,839,10,,0.587,0.809
119,Senate,21166,53,0,OK,200,,,"LANKFORD, James",L000575,1968.0,,0.59,0.15,-11.92188,0.98594,842,7,,0.527,0.165
119,Senate,21355,53,0,OK,200,,,"MULLIN, Markwayne",M001190,1977.0,,0.531,0.252,-9.65746,0.9859,680,4,,0.431,0.317
119,Senate,42507,53,0,OK,200,,,"ARMSTRONG, Alan",A000383,1962.0,,0.665,-0.272,-3.90383,0.96925,125,1,,0.665,-0.273
119,Senate,14871,72,0,OR,100,,,"WYDEN, Ronald Lee",W000779,1949.0,,-0.335,-0.486,-43.30103,0.94911,829,13,,-0.443,-0.382
119,Senate,40908,72,0,OR,100,,,"MERKLEY, Jeff",M001176,1956.0,,-0.454,-0.713,-27.17485,0.96813,839,9,,-0.522,-0.452
119,Senate,42301,14,0,PA,100,,,"FETTERMAN, John Karl",F000479,1969.0,,-0.178,0.239,-156.08188,0.82093,791,75,,-0.164,0.338
119,Senate,42501,14,0,PA,200,,,"MCCORMICK, David Harold",M001243,1965.0,,0.61,0.591,-6.54952,0.99206,822,1,,0.61,0.591
119,Senate,29142,5,0,RI,100,,,"REED, John F. (Jack)",R000122,1949.0,,-0.36,-0.154,-109.76088,0.87724,838,51,,-0.301,-0.077
119,Senate,40704,5,0,RI,100,,,"WHITEHOUSE, Sheldon",W000802,1955.0,,-0.34,-0.13,-95.75534,0.88915,815,39,,-0.288,-0.306
119,Senate,21173,48,0,SC,200,,,"SCOTT, Tim",S001184,1965.0,,0.628,0.027,-13.37234,0.98384,821,6,,0.531,0.367
119,Senate,29566,48,0,SC,200,,,"GRAHAM, Lindsey O.",G000359,1955.0,,0.367,-0.265,-36.11357,0.95526,789,7,,0.411,0.311
119,Senate,29754,37,0,SD,200,,,"THUNE, John",T000250,1961.0,,0.431,0.231,-62.2632,0.92896,845,15,,0.365,0.289
119,Senate,41505,37,0,SD,200,,,"ROUNDS, Marion Michael (Mike)",R000605,1954.0,,0.354,0.083,-19.38148,0.97714,838,4,,0.406,0.302
119,Senate,20351,54,0,TN,200,,,"BLACKBURN, Marsha",B001243,1952.0,,0.632,0.142,-7.77545,0.99034,801,2,,0.653,0.271
119,Senate,42100,54,0,TN,200,,,"HAGERTY, William Francis (Bill)",H000601,1959.0,,0.673,-0.059,-10.19919,0.98759,817,0,,0.748,0.274
119,Senate,40305,49,0,TX,200,,,"CORNYN, John",C001056,1952.0,,0.471,-0.06,-15.63722,0.98147,836,4,,0.597,0.264
119,Senate,41304,49,0,TX,200,,,"CRUZ, Rafael Edward (Ted)",C001098,1970.0,,0.783,-0.185,-21.76726,0.97319,801,5,,0.889,0.011
119,Senate,21755,67,0,UT,200,,,"CURTIS, John R.",C001114,1960.0,,0.454,0.124,-34.33353,0.95933,827,13,,0.678,0.044
119,Senate,41110,67,0,UT,200,,,"LEE, Mike",L000577,1971.0,,0.891,-0.454,-45.75231,0.9458,821,21,,0.891,-0.454
119,Senate,20750,6,0,VT,100,,,"WELCH, Peter",W000800,1947.0,,-0.399,-0.407,-78.10196,0.90654,796,33,,-0.337,-0.556
119,Senate,29147,6,0,VT,328,,,"SANDERS, Bernard",S000033,1941.0,,-0.545,-0.427,-22.90744,0.9712,784,6,,-0.652,-0.544
119,Senate,40909,40,0,VA,100,,,"WARNER, Mark R.",W000805,1954.0,,-0.215,-0.031,-93.35548,0.89101,809,32,,-0.249,0.061
119,Senate,41305,40,0,VA,100,,,"KAINE, Timothy Michael (Tim)",K000384,1958.0,,-0.234,-0.128,-116.53205,0.86974,835,66,,-0.207,-0.25
119,Senate,39310,73,0,WA,100,,,"CANTWELL, Maria E.",C000127,1958.0,,-0.309,-0.401,-62.50292,0.92862,844,18,,-0.35,-0.298
119,Senate,49308,73,0,WA,100,,,"MURRAY, Patty",M001111,1950.0,,-0.357,-0.312,-36.70897,0.95493,796,8,,-0.472,-0.269
119,Senate,20146,56,0,WV,200,,,"CAPITO, Shelley Moore",C001047,1953.0,,0.285,0.144,-25.78941,0.96937,829,4,,0.411,0.311
119,Senate,42504,56,0,WV,200,,,"JUSTICE, James Conley, II",J000312,1951.0,,0.566,0.285,-9.04163,0.98887,808,3,,0.566,0.285
119,Senate,29940,25,0,WI,100,,,"BALDWIN, Tammy",B001230,1962.0,,-0.486,-0.122,-68.96993,0.92144,843,38,,-0.399,-0.067
119,Senate,41111,25,0,WI,200,,,"JOHNSON, Ron",J000293,1955.0,,0.648,-0.164,-33.33966,0.9609,836,15,,0.916,-0.127
119,Senate,20953,68,0,WY,200,,,"LUMMIS, Cynthia M.",L000571,1954.0,,0.683,-0.313,-31.27853,0.96257,820,12,,0.909,0.291
119,Senate,40707,68,0,WY,200,,,"BARRASSO, John A.",B001261,1952.0,,0.54,0.195,-12.29497,0.9855,842,5,,0.656,0.386
